Mara,MCL82UBV4RH
Bruno,RSD28CTV7SO
Linus,ICO77FPY4LJ
Hollee,PHZ10LCZ6PK
Judith,RSC75TJG2SE
Leilani,CSF81SIG2BO
Christen,FRG83JFJ8WG
Larissa,MEC75XRX7ES
Francesca,TLD72XWJ6TM
Elmo,FRK58UGR3YJ
Fatima,UYG41MEL5UJ
Sonia,SBN76YPM6CI
Aurora,PRJ21OCW8HP
Alexis,EEY48FEY5ZP
Jakeem,MVT81FND8BC
Kelsey,BLP84XHB7TB
Sophia,UQA75TFC6GX
Ciara,SYD58WAY3HJ
Aquila,CCJ40DAM7VG
Cameron,ZNZ55RIO5BJ
Montana,FGF06WXQ2QV
Amery,QEE15PPM2LC
Emma,BMS65TWC8DU
Maite,JSB25ZTN2JF
Cora,ZUL72HWF7EM
Melodie,QRL38PKR2DZ
Nicholas,ADM24MWN1GU
Simon,FIS28WUK2OX
Hall,CYN66DUD1PZ
Wendy,TOV42QIR0HF
Imelda,GFW14MBC8KC
Jameson,XRE12CNL7GL
Bernard,ENN95JVX2QE
Ocean,KDA39PGF8OJ
Carolyn,LWI37BXL1SN
Talon,UPG71QEW1DN
Faith,IIV55UCN6ZA
Petra,ZDC18VMY3SD
Jackson,PPY13OEE2GF
Kennan,GRI68SQC5WM
Wayne,NYS88GVY0QL
Donovan,TLO96WSU6XE
Paul,ZDL82DCK8FF
Eric,IXN52IWJ9IU
Jacqueline,OIC48WYZ6HZ
Kiona,YFF56BQN7GT
William,TFS75BET1QQ
Samson,RJX33QOQ5SK
Ivana,TNF93SIT4OX
Cole,WVK34EIR5TX
Venus,JFW16FQN2ES
Xanthus,FTC93XHK5UH
Walker,UWN68SBF6YV
Jada,KEX54WXF8DY
Ocean,WXC27YJH4YT
Kane,FQT34ISD4EY
Erica,KKU25EOO8AT
Lara,OOQ36GHR0YG
Tamara,WHG32OVN4QT
Nicole,TYC44TTL4TH
Amery,QVL46MFI2FX
Kareem,BSY32WYI8JO
Cally,OLT47KTB2FS
Lynn,MCG55MBV3CU
Mark,EVM06VMS8GU
Igor,DSX53YYC9JZ
Lamar,AIE44RRS2DF
Emery,LYS57MDW3KY
Jakeem,HVG32RVP7NU
Risa,BKI07VFT2VI
Olga,KUT31UFT3KL
Alec,NMJ18ECJ8YC
Ivy,ORF07GDN5EX
Ria,VPP22VIT4BI
Silas,UGP32OFD2NK
Ronan,NDJ58TXT9XW
Hyatt,UHN73CHZ6WD
Fritz,SDF59EJS4NY
Reece,NVG21CNV6JL
Kelsey,KRM48RHN3SV
Zachery,DRP65RTM2AQ
Kai,UOK98DQR9QV
Inez,SKI05SNF0IK
Shad,TKT86PWX8YI
Ramona,FSB34PWW7TU
Gareth,PBD48RBI0MM
James,LNU46QNV2VM
Kasper,ZKF47NTL5GK
Eliana,SEQ88RGW8EE
Porter,ETP51TOU3JT
Hayfa,RQB28JDP8BU
Abel,YUQ67ORA1GK
Stephen,PKR41GXN1FF
Shannon,LYN42JAB7BT
Dolan,HPJ81QHQ0VP
Hannah,CRX68JPD1DJ
Christen,VXP94ZEG8GN
Kay,EGA01ZKE8OS
Avye,SUL84IOM9EN
Kamal,JHP18JJT9QZ
Merrill,LZQ01SKM6NC
Fatima,REZ15ABR0GN
Jessamine,IKY77CFM1AX
Igor,XSU83UNN7GD
Acton,RJV77VUH7FO
Isaac,JGB87HBQ4SH
Timothy,NTY62IOL6VJ
Kessie,QRQ84PCN9XS
Wilma,VEO33XNX1QR
Allegra,OIT12UUW4UE
Libby,BQZ78EGS6WM
Alexis,PTT05GPR9ST
Trevor,JZS09UUP0AF
Kim,AWX74MBU6AH
Robin,DUI14WBF2GY
Drake,FPH25VCS1JW
Valentine,JPM38HGE6FM
Nash,IWK38RJN8KL
Luke,GVK72IOS2JR
Guy,YKZ43MVI0FY
Leigh,KPM82WPN8PQ
Jack,HWZ08PSW6BQ
Bert,KBM31IQT2PR
Alexa,IMA68SLG7QI
Iliana,RLU39ZRG3BP
Daquan,LEO37PFP6WI
Denise,NII72BUL1WJ
Basia,WQM64LDR3PE
Deborah,BOU01MIG6BV
Duncan,SYG31IRX6VZ
Jerry,QOF75GUP6TL
Charity,HQN41YJA9BV
Katell,YJI71XGR3SW
Dorian,XNO35BWN4HX
Jacob,MKB78TBR6WR
Christopher,VJI52NWM6EH
Jameson,EWV34ZJC1WI
Cassidy,EFD82UZI4KE
Avye,FWR41JEV8JI
Josiah,GEW13RLO3FC
Lucian,LSX32RFB3HJ
Byron,YIQ47ZUR9BR
Ezra,FXO48ZII1FJ
Igor,PTB44RFK4GV
Ima,FLH92SGS7CF
Phelan,JHD54SMW2UT
Stella,MWD80BGR7FM
Logan,VUY31AVB3LP
Hollee,TEV45FOJ4NQ
Karen,OKC66SBQ3RI
Geoffrey,VLP66IGA4NR
Brady,OKW51WEG2DZ
Aaron,FQC39XXI5SG
Kathleen,WUJ31FLJ7TA
Lamar,PER72JSR8HM
Abigail,VGW64XPL9TG
Britanni,CLX16TWC4HD
Tasha,RYK44MUS6FQ
Deborah,XNM01SMJ5LE
Tate,RLM38KVC1WV
Stephen,WYE45EGE5RP
Adara,COO68YDL6JC
Bryar,FIK27FTT2KR
Kennan,UGQ88EPG1XT
Mary,PCP34UII2WZ
Desirae,QUC42YSQ5XM
Ciaran,OZC17NPO9IJ
August,XFX96WWT8JK
Audra,XMH37EDL7NZ
Jason,SYH25HRI6PL
Josiah,FDX88SFU3EX
Bruno,VZM28MBT1YP
Piper,DIP44PRR9GK
Amal,OES07WFD2BR
Kelly,NKP55OFS2VE
Timothy,OUU70OVG7RT
Grady,CDU64POW7DU
Candace,EWN27BKD1FH
Roary,GFZ67YPT6WE
Kuame,TQJ36RKM8VJ
Leigh,QFX64FTS5KC
Cora,GHH41XHH6WQ
Brandon,LSG86MTC7LU
Kyle,BUH88VPI2TQ
Flavia,FHT30WSD8JO
Holly,KFY23VKH8HG
Brenda,RCV60FJN8VK
Lael,XRX32XRC4CZ
Jamal,VSB56WQM9HI
Karyn,UKF81XJE0JQ
Holmes,RUK84FUF6HX
Nelle,WHW54MAH5FI
Freya,WWT29UDY6QK
Acton,SHI72PEW5JR
Blythe,KRM33WMC9SW
Adena,PCR59EZZ7YO
Louis,BIS84OEG2PS
John,LLK38PKO7FS
Minerva,KUP07GUU6JG
Cherokee,GKJ38VXR7DP
Ora,BSW19OCB9ID
Aaron,RGR45MIW2NY
Angelica,XDI21ELO9HH
Baker,WXZ09TQX2CJ
Forrest,QDO16ZFI7VC
Angela,BBA48IFS0FS
Basia,QET51IOL5RY
Tanisha,UKO31ZDX4LU
Angela,FEU12VLD8VU
Tobias,XUN53QAA4BL
Cassidy,MLT90QJY4NY
Cynthia,GNO46AEW7LX
Oren,WOO30JQW1UA
Gabriel,TCB31PFD5EO
Kadeem,LQG89XFN1ZL
Aristotle,CKP13OEO1RS
Thor,LSB17MBU7YJ
Samson,LTV13PFR3IP
Lynn,ORY13DUG7GE
Amanda,HHG52RWK7CP
Joan,IBD46BIO3HU
Baker,TER99PMJ6XN
Guy,AVT95WCF3IK
Alana,OYV42TEH8ZQ
Oleg,VCZ75ANR6CS
Isadora,IGH21JVD8GG
Latifah,AKC70NCS7YV
Nicholas,MNH42XJM4SI
Jolie,MXH31JMD3ZQ
Blossom,BPW70XRO4NK
Garth,HUV78DXE8VQ
Evan,BXQ67QGW4OG
Carl,VHM67ZPK6SF
Kirsten,CUH61QYF6DD
Illiana,AKD20CMF8DT
Whoopi,GCS87TYW3NW
Kevin,PEU78ABO0JQ
Preston,UTH07RMB2HS
Gray,BNF29PGS6YU
Morgan,AWX68QPX9QW
Jessamine,TVT24ZCJ9TO
Clio,QDD39XLS5LO
Nehru,JGC66CEI4QO
Dora,RNC28NMB2ET
Clarke,PCY46HRP6WX
Sawyer,FUQ06SGL6BJ
Brenna,HCL90QCB6WI
Branden,BNH25JPL8CS
Murphy,BIF97CUE8RU
Hanae,NTK03UQX4ET
Roth,VLM72EGX8JI
Harriet,IBY03CMX4YI
Victor,OWS91ECJ4EW
Callie,BJO42STT3VC
Berk,VUH87PXL0TN
Laurel,ZOM01VED1CB
Jin,DSO62LTC2CQ
India,OWG41FNP0JO
Jonas,FFS73UJS4TK
Grant,PTP18BXJ3IT
Xander,LCS11GJT0OZ
Cyrus,KVH12OGN0XZ
Kiona,PUX50QNJ3GN
Michael,OAP98OGC2SR
Ryan,NTH34YYL6SL
Vivian,LEX31NXT5QY
Ivana,LVG48BCU5UK
Wesley,BPH37UCH6OV
Whitney,AOW53JIO9JD
Cedric,OWL37ELX4JG
Cooper,XCG65EDC3AW
Gage,UPY34ITM3KS
Jarrod,DVC85OKM0FL
Kevin,RXC93OQF6SP
Tara,MII43QMF8KY
Idona,LOG92SGC2VE
Xyla,XZJ72BAM2VC
Xena,GWT33WBP2QS
Audrey,REX52MMS6KS
Sawyer,RPR15LMP7KP
James,JUT63ZNE4AG
Mufutau,SBK56FQN3WB
Destiny,IIU37VIY9CU
Moana,JOJ62QSD2AR
Wyatt,YCN53SAL3VE
Sophia,UYD34CWS4IB
Desiree,PMT81RFJ7NK
Julian,RRE87QTS4JS
Joel,ITG49JNL3BO
Jack,NEN38DRE2MA
Derek,CRN28LHK3KU
Macy,WJB41WIF9CN
Justin,LRG66ZNX6DG
Mohammad,UMF07XBW5VZ
Darryl,FTQ48AJY1YS
Lyle,LGV19TXF0ST
Merritt,XKT73PFQ8YW
Aurora,SKT31LZF1XI
Lysandra,RKH92QVD6HX
Kasper,XJG21CFT3GK
Raymond,SOS28NJR6HC
Alexander,JIL15THF0ZX
Finn,BKV67NMG4VE
Graham,TDW61MPQ7LZ
Alika,KIU53HGP1GO
Quinn,EMT20DGH8YU
Aline,YYN69JKY0BK
Nolan,SJT13JKM0GT
Rajah,LTO54WXP7CD
Eaton,HIF36SMH1SE
Wyoming,MYP92PCP9FK
Ramona,VDV88NWQ5VS
Yardley,SHT22FBW6GM
Wang,FMY54HNS4EE
Donovan,PQJ77BJX5DQ
Ursa,TOF70VEO6UD
Anika,NQH42QHP4KG
Lila,JTY32NIS5WX
Karleigh,PQL67ZIO5ER
Jocelyn,BHR58KKH0WE
Leila,RPC68BPO5MV
Curran,UXO68OXI8XK
Emerald,WBC20JPT6WI
Barclay,HSU62ZXN6EU
Adara,VVB61RTN3EY
Alma,IAP56UXL2XL
Raya,IBY73NQN3UF
Shay,QFH15PPW0IU
Benjamin,ENE45NUR2PF
Ivy,IDM60OLT3FH
Harrison,EIU51SNC0DE
Kyle,IGU25ORH0FF
Macy,PPS29DIZ3GP
Althea,ZIP46RIG2YX
Lillian,GVO71RMB7YI
Bruce,UES06CJH1KO
Xantha,MXC11YBY7ZR
Camilla,PPJ10CJE3TJ
Dominique,JMX91RZL1EP
Irene,DND35BMJ4RY
Cora,JIG74RVI5HW
Clayton,KAO42FSC9UM
Bree,SYD84CWS8OM
Salvador,KMF06XQB3IK
Reuben,MVN88ZQC1HE
Jenette,EGX32HCX9IK
Lareina,QQU42WLR1VG
Armand,WDX43UMR6SP
Samuel,OQM69UXW7ZG
Tad,KJJ41YEW6JC
Brady,OUG15TMI6CM
Jonah,ADE28VYW8KS
Hermione,VNI69VLL5CF
Kuame,LND13NJQ9NF
Lucius,JNM74RZK2IU
Vincent,JQK45GCL1GB
Zane,YBV45XYK4SL
Vielka,NIT61BHX2HT
Chelsea,JNP19CSV3TF
Dolan,TOP11QNX1HH
Ray,HCV40BKE9SC
Jonas,FUT86GLP5HQ
Eleanor,GNR01VIJ6MN
Signe,HGA36AXW6YP
Ivory,HOL27KGQ5GB
Wesley,ACU85USM3NH
Harlan,XVY68HAD7HG
Porter,VJO88TMU1LY
Herrod,QID25UEC2SG
Kelsie,SOH17CJX8IP
Brenden,PQL68ADH6ZT
Colton,RVB77KXP4GN
Wade,WWB42OHZ4SC
Vivien,VLR27VSO8DE
Alfreda,YIK13MGR2IM
Dorothy,RDR41WFX5FH
Carissa,EBE48AGJ3GS
Kevin,PNJ87JDO3CK
Macon,ORS01NYV1DC
Beverly,CEE82XVV7FB
Herrod,OYU43BVB2ID
Claire,AIR86BMF3HC
Abel,XRO67DWH7BV
Adrian,BVJ03RWF0RS
Hector,OWJ22VCN6LM
Tyrone,ROV57JQL4SY
Cally,RQQ01WAD5RB
Arsenio,MGS74KDQ1MS
Colette,YRR83JBO7UD
Mark,MEU46DZV1CW
Jasper,YZL25UID7PB
Jaquelyn,RSH30FYN6FB
Kasper,QTG18NUA6AJ
Hyatt,TID32QOE2IT
Hoyt,XGM20ZFG4MP
Ivor,ONS46HRC2AM
Baxter,FSN43CZL3MV
Tanek,IZX51FCJ7HJ
Leila,SCD58TSK3YC
Beau,FGN76JDY9FS
Bruce,SYQ17TKG1OG
Quinn,BRI61UDQ8BH
Teagan,NFO23JEF6LL
Grady,XJH25SIQ2XF
Molly,PVL29IFC2IA
Abel,VHE93CSG2LY
Xavier,WDB12RZK3WU
Linda,ZWF51IKR0PL
Gillian,YGT76HCY3ML
Chaney,TPE21PVQ6JL
Lesley,PQG58SKF1CG
Fritz,NDS37JJA1VB
Ulysses,ERO50LQD4BR
Brooke,BKP27QFX1TR
Sarah,LIR63RLY3AL
Fredericka,OMW52LFI5EU
Lance,MZZ57RZJ2NB
Hyacinth,DTU49YFL0DZ
Jarrod,HWF16XUP8PD
Samuel,LKF59YZA2KN
McKenzie,WKM40YTF3GY
Carissa,MQQ46POW7SL
TaShya,ODG53DHD0SA
Lucian,MDU97VJI8XR
Sydnee,HLX70PRS7OC
Alika,XLT33PJC0IY
Beatrice,HXZ31LNI9EH
Sharon,FSJ82FXR4IR
Quail,EIB42VAW7JX
Hasad,LTL29CCU4TW
Travis,LYN68ISE5QB
Ferris,FSN25WDF2JT
Wynne,ALY57FOD7BD
Willow,RFC32EKG3PB
Francis,IQL71KYX0OM
Elton,YFG80EKX6TY
Karina,YEY53CLR4GF
Mariko,FIY05EMR7YN
Derek,MOK39BLD6XH
Marny,RFU05JQY3DG
Meghan,DRL78UYK5HM
Omar,NVP57NEO4HR
Mara,WEI22PBC3MU
Nathaniel,BBJ54XVS6SK
Tatum,XFL69OFL9WZ
Jared,VLX19UGH3QO
Zachary,KPS55RBQ1IJ
Fatima,FVN57ZVJ2EY
Amos,IQK97JQE8NW
Hedley,IIV61CTK2RW
Acton,SWU77CGR9DO
Kibo,VXI28JGA1YN
Xandra,KTE16WRB7OL
Graham,KIX46CBJ1JR
Griffith,GPQ66POE3LZ
Daphne,DWO09NGT6PN
Jonas,ESH04UVL2XC
Kaseem,PPJ75EYA4OT
Sylvester,KZY35FGB4OB
Brady,DJC27LBS1VS
Maggy,FLD23ERM2RY
Rhona,BHV62UFB4QG
Martena,SKU33KYQ5UD
Garth,LOS77UPO2EL
Deacon,WMT88MNY5RY
Hedley,GUP66QGG1RI
Myra,MZM88RQW7DY
Hammett,PQY11XHD6LW
Breanna,KGU41UAS6SU
Basia,VVH56DRE1CI
Mechelle,LJN53XTY5UH
Maggy,KYG31REM8RT
Carla,IVC73FVB3QP
Randall,MXK83TPG1FY
Sarah,HSI74LUM2XZ
Nehru,LYE77ITI5SY
Kyra,EYT11TXS5HQ
Arthur,OTN14IPW2QO
Chastity,QKT77QDK2WA
Hakeem,XAZ26JMN2RC
Laith,AKO66CWF8MU
Emery,PQC55XEL1OB
Jena,EBL84KLP1VP
Libby,LEV30TLH2BV
Ali,XOU77MQF3UN
Hedy,TJO85RPK0AF
Aidan,YQR02HZO9TW
Lucian,FTW65GOX2NW
Penelope,XWD76ZOG8QV
Audrey,XDQ38XPS5XV
Ivy,UBD77OUQ8FH
Lewis,XLX26VGA7RS
Yolanda,FBG77JCF7PR
Carter,IFU77BJS4BA
Hadley,UYQ17MKA2IM
Yuli,PTS65BNO7PJ
Kieran,GEW86PQB7QM
Melanie,QIC45IOS1XW
Gil,YRK30OFL8RO
Ian,WGC86TWK3FS
